Groups,Groups_new,model,RMSD,RMSD_rank,PZ
Chen,Chen,5,4.989,1,PZ11
Chen,Chen,6,8.355,30,PZ11
Chen,Chen,8,8.415,31,PZ11
Ding,Ding,1,8.417,32,PZ11
Das,Das,4,8.475,33,PZ11
Das,Das,1,8.526,34,PZ11
Ding,Ding,7,8.542,35,PZ11
Adamiak,Szachniuk,9,8.645,36,PZ11
Das,Das,6,8.818,37,PZ11
Xiao,Xiao,2,8.825,38,PZ11
Das,Das,3,8.901,39,PZ11
Bujnicki,Bujnicki,6,9.042,40,PZ11
Adamiak,Szachniuk,2,9.049,41,PZ11
Bujnicki,Bujnicki,7,9.212,42,PZ11
Chen,Chen,7,9.305,43,PZ11
Chen,Chen,10,9.467,44,PZ11
Xiao,Xiao,3,10.327,45,PZ11
Adamiak,Szachniuk,8,10.392,46,PZ11
Ding,Ding,6,10.538,48,PZ11
Xiao,Xiao,1,10.686,49,PZ11
Adamiak,Szachniuk,4,11.177,50,PZ11
Ding,Ding,2,11.439,51,PZ11
Bujnicki,Bujnicki,2,15.356,52,PZ11
Das,Das,9,16.028,53,PZ11
Das,Das,2,8.351,29,PZ11
Das,Das,5,8.277,28,PZ11
Das,Das,8,10.423,47,PZ11
Chen,Chen,9,7.955,26,PZ11
Das,Das,7,7.969,27,PZ11
Chen,Chen,2,5.193,2,PZ11
Chen,Chen,4,5.255,3,PZ11
Bujnicki,Bujnicki,3,5.582,4,PZ11
Bujnicki,Bujnicki,4,5.843,6,PZ11
Bujnicki,Bujnicki,1,5.983,7,PZ11
Chen,Chen,1,6.026,8,PZ11
Ding,Ding,5,6.348,9,PZ11
Adamiak,Szachniuk,5,6.381,10,PZ11
Ding,Ding,9,6.748,11,PZ11
Das,Das,10,6.825,12,PZ11
Ding,Ding,10,6.878,13,PZ11
Adamiak,Szachniuk,7,5.724,5,PZ11
Ding,Ding,3,6.996,15,PZ11
Adamiak,Szachniuk,1,6.992,14,PZ11
Bujnicki,Bujnicki,5,7.574,24,PZ11
Bujnicki,Bujnicki,10,7.546,23,PZ11
Adamiak,Szachniuk,10,7.407,21,PZ11
Bujnicki,Bujnicki,9,7.385,20,PZ11
Adamiak,Szachniuk,3,7.409,22,PZ11
Adamiak,Szachniuk,6,7.333,19,PZ11
Ding,Ding,8,7.21,18,PZ11
Bujnicki,Bujnicki,8,7.142,17,PZ11
Chen,Chen,3,7.05,16,PZ11
Ding,Ding,4,7.838,25,PZ11
Lee,Lee,3,4.711,17,PZ16a
Lee,Lee,1,4.605,16,PZ16a
Lee,Lee,7,4.558,15,PZ16a
Chen,Chen,7,16.867,28,PZ16a
Chen,Chen,6,15.926,27,PZ16a
Chen,Chen,8,15.75,26,PZ16a
Chen,Chen,9,15.496,25,PZ16a
Chen,Chen,10,15.237,24,PZ16a
Chen,Chen,3,7.344,22,PZ16a
Chen,Chen,4,7.254,21,PZ16a
Lee,Lee,8,5.405,20,PZ16a
Lee,Lee,10,5.383,19,PZ16a
Lee,Lee,5,5.288,18,PZ16a
Lee,Lee,9,8.41,23,PZ16a
Szachniuk,Szachniuk,3,2.217,5,PZ16a
Szachniuk,Szachniuk,5,2.209,4,PZ16a
Szachniuk,Szachniuk,10,2.041,3,PZ16a
Szachniuk,Szachniuk,8,1.881,2,PZ16a
Chen,Chen,1,1.45,1,PZ16a
Lee,Lee,6,4.416,14,PZ16a
Szachniuk,Szachniuk,1,2.258,6,PZ16a
Szachniuk,Szachniuk,4,2.36,7,PZ16a
Szachniuk,Szachniuk,2,3.716,12,PZ16a
Lee,Lee,2,3.551,11,PZ16a
Szachniuk,Szachniuk,9,2.813,10,PZ16a
Lee,Lee,4,3.957,13,PZ16a
Szachniuk,Szachniuk,6,2.43,9,PZ16a
Szachniuk,Szachniuk,7,2.381,8,PZ16a
Lee,Lee,2,3.948,15,PZ16b
Lee,Lee,1,4.018,16,PZ16b
Lee,Lee,9,4.042,17,PZ16b
Lee,Lee,4,4.236,19,PZ16b
Lee,Lee,7,4.056,18,PZ16b
Lee,Lee,6,3.803,14,PZ16b
Lee,Lee,3,3.591,12,PZ16b
Szachniuk,Szachniuk,9,2.759,11,PZ16b
Szachniuk,Szachniuk,10,2.668,10,PZ16b
Lee,Lee,8,3.782,13,PZ16b
Chen,Chen,4,15.794,27,PZ16b
Chen,Chen,5,16.39,30,PZ16b
Chen,Chen,7,16.367,29,PZ16b
Chen,Chen,9,16.285,28,PZ16b
Chen,Chen,8,15.745,26,PZ16b
Chen,Chen,10,15.708,25,PZ16b
Chen,Chen,6,15.547,24,PZ16b
Chen,Chen,3,7.276,23,PZ16b
Chen,Chen,2,7.2,22,PZ16b
Lee,Lee,10,4.876,21,PZ16b
Lee,Lee,5,4.708,20,PZ16b
Szachniuk,Szachniuk,5,1.682,6,PZ16b
Szachniuk,Szachniuk,7,1.614,5,PZ16b
Szachniuk,Szachniuk,3,1.607,4,PZ16b
Szachniuk,Szachniuk,4,1.543,3,PZ16b
Chen,Chen,1,1.324,2,PZ16b
Szachniuk,Szachniuk,1,1.25,1,PZ16b
Szachniuk,Szachniuk,2,1.698,7,PZ16b
Szachniuk,Szachniuk,8,1.712,8,PZ16b
Szachniuk,Szachniuk,6,1.812,9,PZ16b
Xiao,Xiao,4,14.791,16,PZ30
Ding,Ding,5,14.635,15,PZ30
Bujnicki,Bujnicki,4,14.59,14,PZ30
Ding,Ding,1,14.444,13,PZ30
Ding,Ding,2,14.212,12,PZ30
Chen,Chen,10,14.079,11,PZ30
Ding,Ding,3,12.813,7,PZ30
Ding,Ding,6,13.307,9,PZ30
Ding,Ding,7,13.082,8,PZ30
Ding,Ding,8,12.566,6,PZ30
Szachniuk,Szachniuk,3,12.318,5,PZ30
Ding,Ding,4,12.286,4,PZ30
Szachniuk,Szachniuk,1,14.874,17,PZ30
Chen,Chen,2,13.828,10,PZ30
Bujnicki,Bujnicki,2,15.096,18,PZ30
Szachniuk,Szachniuk,5,18.423,30,PZ30
Chen,Chen,5,16.059,20,PZ30
Chen,Chen,4,9.606,3,PZ30
Chen,Chen,1,5.021,1,PZ30
Nithin,Nithin,1,27.266,34,PZ30
Xiao,Xiao,3,20.212,33,PZ30
Chen,Chen,8,19.53,32,PZ30
Xiao,Xiao,2,19.083,31,PZ30
Xiao,Xiao,1,15.595,19,PZ30
Bujnicki,Bujnicki,5,18.261,29,PZ30
Bujnicki,Bujnicki,1,17.994,27,PZ30
Bujnicki,Bujnicki,3,17.536,26,PZ30
Szachniuk,Szachniuk,2,17.004,24,PZ30
Chen,Chen,7,16.624,23,PZ30
Chen,Chen,3,16.613,22,PZ30
Chen,Chen,6,16.313,21,PZ30
Xiao,Xiao,5,18.091,28,PZ30
Chen,Chen,9,7.381,2,PZ30
Szachniuk,Szachniuk,4,17.143,25,PZ30
Chen,Chen,2,13.021,24,PZ23
Xiao,Xiao,2,10.901,7,PZ23
Xiao,Xiao,3,10.894,6,PZ23
Xiao,Xiao,1,10.762,5,PZ23
Chen,Chen,3,10.587,3,PZ23
Das,Das,6,9.686,2,PZ23
Das,Das,7,8.129,1,PZ23
Szachniuk,Szachniuk,1,13.098,25,PZ23
Szachniuk,Szachniuk,2,13.232,26,PZ23
Ding,Ding,5,13.259,27,PZ23
Szachniuk,Szachniuk,3,14.207,28,PZ23
Xiao,Xiao,5,17.196,29,PZ23
Xiao,Xiao,4,18.218,30,PZ23
Das,Das,2,12.834,23,PZ23
Das,Das,1,11.162,8,PZ23
Das,Das,8,10.681,4,PZ23
Chen,Chen,1,11.422,10,PZ23
Dokholyan,Dokholyan,1,12.431,20,PZ23
Das,Das,3,12.554,21,PZ23
Ding,Ding,4,12.75,22,PZ23
Ding,Ding,1,11.272,9,PZ23
Bujnicki,Bujnicki,1,12.157,17,PZ23
Bujnicki,Bujnicki,2,12.165,18,PZ23
Das,Das,4,12.045,15,PZ23
Das,Das,5,12.049,16,PZ23
Das,Das,9,11.781,13,PZ23
Ding,Ding,2,11.677,12,PZ23
Ding,Ding,3,11.457,11,PZ23
Bujnicki,Bujnicki,3,11.952,14,PZ23
Das,Das,10,12.322,19,PZ23
Perez,Perez,8,9.099,27,PZ32
Ding,Ding,4,8.967,26,PZ32
Ding,Ding,8,8.809,25,PZ32
ARES,Das,5,8.763,24,PZ32
Ding,Ding,1,8.262,18,PZ32
FARFAR2,Das,9,8.557,22,PZ32
Dfold,Kollmann,2,8.468,21,PZ32
Das,Das,10,8.367,19,PZ32
ARES,Das,10,8.367,19,PZ32
ARES,Das,8,8.131,17,PZ32
Ding,Ding,6,8.051,16,PZ32
Ding,Ding,3,8.039,15,PZ32
Perez,Perez,6,9.234,28,PZ32
Ding,Ding,7,8.572,23,PZ32
Xiao,Xiao,5,9.427,29,PZ32
Xiao,Xiao,4,12.669,39,PZ32
Perez,Perez,7,9.899,31,PZ32
Szachniuk,Szachniuk,4,13.881,46,PZ32
FARFAR2,Das,4,13.874,45,PZ32
Chen,Chen,3,13.726,44,PZ32
Perez,Perez,9,13.098,43,PZ32
Dfold,Kollmann,5,13.041,42,PZ32
Bujnicki,Bujnicki,2,12.924,41,PZ32
Chen,Chen,1,12.793,40,PZ32
Xiao,Xiao,2,7.955,14,PZ32
Chen,Chen,2,12.62,38,PZ32
Bujnicki,Bujnicki,4,11.931,37,PZ32
Perez,Perez,3,10.758,36,PZ32
Dfold,Kollmann,1,10.73,35,PZ32
Ding,Ding,2,10.229,34,PZ32
Das,Das,4,10.175,33,PZ32
Szachniuk,Szachniuk,2,10.011,32,PZ32
Perez,Perez,1,9.597,30,PZ32
Perez,Perez,5,7.786,13,PZ32
ARES,Das,9,7.581,11,PZ32
Dokholyan,Dokholyan,3,20.157,70,PZ32
Nithin,Nithin,2,20.203,71,PZ32
Das,Das,2,20.597,72,PZ32
FARFAR2,Das,5,20.597,72,PZ32
Das,Das,3,20.612,74,PZ32
FARFAR2,Das,6,20.612,74,PZ32
ARES,Das,2,21.716,76,PZ32
Chen,Chen,10,21.887,77,PZ32
Nithin,Nithin,1,22.688,78,PZ32
FARFAR2,Das,10,22.839,79,PZ32
Chen,Chen,9,23.125,80,PZ32
Bujnicki,Bujnicki,3,23.307,81,PZ32
ARES,Das,4,23.464,82,PZ32
Dfold,Kollmann,9,19.634,69,PZ32
Das,Das,7,23.464,82,PZ32
FARFAR2,Das,1,24.222,84,PZ32
ARES,Das,3,24.561,85,PZ32
Chen,Chen,8,24.768,86,PZ32
Chen,Chen,6,25.578,87,PZ32
FARFAR2,Das,8,26.115,88,PZ32
Nithin,Nithin,3,26.738,89,PZ32
FARFAR2,Das,7,26.747,90,PZ32
ARES,Das,1,26.757,91,PZ32
Das,Das,6,26.757,91,PZ32
Bujnicki,Bujnicki,5,27.432,93,PZ32
Nithin,Nithin,4,27.635,94,PZ32
Dokholyan,Dokholyan,2,28.185,95,PZ32
Chen,Chen,7,28.711,96,PZ32
Perez,Perez,2,7.63,12,PZ32
Boniecki,Boniecki,1,19.327,67,PZ32
Szachniuk,Szachniuk,1,6.976,9,PZ32
Das,Das,5,6.972,8,PZ32
Xiao,Xiao,1,6.964,7,PZ32
Ding,Ding,5,6.952,6,PZ32
Xiao,Xiao,3,6.934,5,PZ32
Perez,Perez,10,6.825,4,PZ32
Szachniuk,Szachniuk,3,6.476,3,PZ32
Szachniuk,Szachniuk,5,5.159,2,PZ32
Nithin,Nithin,5,13.916,47,PZ32
Dokholyan,Dokholyan,1,14.036,48,PZ32
Dfold,Kollmann,3,14.132,49,PZ32
ARES,Das,6,14.164,50,PZ32
Das,Das,8,14.164,50,PZ32
Chen,Chen,4,4.989,1,PZ32
Dfold,Kollmann,8,14.331,52,PZ32
ARES,Das,7,14.622,53,PZ32
Bujnicki,Bujnicki,1,19.296,66,PZ32
Boniecki,Boniecki,2,19.274,65,PZ32
FARFAR2,Das,3,18.706,63,PZ32
Das,Das,1,18.706,63,PZ32
Boniecki,Boniecki,5,17.953,62,PZ32
Boniecki,Boniecki,3,17.644,61,PZ32
Chen,Chen,5,19.427,68,PZ32
Dfold,Kollmann,6,17.492,60,PZ32
Boniecki,Boniecki,4,16.878,58,PZ32
Dfold,Kollmann,4,15.583,57,PZ32
FARFAR2,Das,2,14.656,56,PZ32
Dfold,Kollmann,10,14.629,55,PZ32
Das,Das,9,14.622,53,PZ32
Dfold,Kollmann,7,17.066,59,PZ32
Perez,Perez,4,7.306,10,PZ32
Chen,Chen,5,15.848,23,PZ18
Ding,Ding,5,16.148,24,PZ18
DasORIGINAL,Das,3,3.208,1,PZ18
Ding,Ding,4,24.924,34,PZ18
Lee,Lee,5,24.549,33,PZ18
Lee,Lee,1,22.793,32,PZ18
Lee,Lee,4,22.158,31,PZ18
Lee,Lee,3,21.421,30,PZ18
Lee,Lee,2,21.159,29,PZ18
Ding,Ding,2,21.13,28,PZ18
Ding,Ding,1,20.28,27,PZ18
YagoubAli,YagoubAli,1,18.636,26,PZ18
Ding,Ding,3,16.45,25,PZ18
Chen,Chen,1,3.74,2,PZ18
Das,Das,2,3.877,3,PZ18
DasORIGINAL,Das,2,4.034,4,PZ18
Das,Das,1,5.496,5,PZ18
DasORIGINAL,Das,1,5.633,6,PZ18
Das,Das,3,5.633,6,PZ18
Das,Das,4,5.698,8,PZ18
Chen,Chen,2,6.636,10,PZ18
Dokholyan,Dokholyan,3,7.903,11,PZ18
Dokholyan,Dokholyan,1,8.44,12,PZ18
Szachniuk,Szachniuk,5,9.082,13,PZ18
Chen,Chen,3,9.165,14,PZ18
Szachniuk,Szachniuk,2,9.222,15,PZ18
DasORIGINAL,Das,4,5.698,8,PZ18
Chen,Chen,4,9.273,17,PZ18
Szachniuk,Szachniuk,3,9.262,16,PZ18
Dokholyan,Dokholyan,2,11.954,22,PZ18
Das,Das,5,10.904,20,PZ18
DasORIGINAL,Das,5,10.904,20,PZ18
Szachniuk,Szachniuk,4,10.833,19,PZ18
Szachniuk,Szachniuk,1,9.433,18,PZ18
Ding,Ding,4,27.557,61,PZ24
Kollmann,Kollmann,2,25.155,59,PZ24
Ding,Ding,7,26.072,60,PZ24
Kollmann,Kollmann,7,29.0,62,PZ24
Kollmann,Kollmann,5,32.523,69,PZ24
Kollmann,Kollmann,10,29.586,64,PZ24
Kollmann,Kollmann,1,30.154,65,PZ24
Kollmann,Kollmann,6,30.524,66,PZ24
Kollmann,Kollmann,4,32.088,67,PZ24
Kollmann,Kollmann,8,32.427,68,PZ24
Kollmann,Kollmann,3,32.864,70,PZ24
Ding,Ding,8,23.969,58,PZ24
Kollmann,Kollmann,9,29.579,63,PZ24
Das,Das,6,14.595,29,PZ24
FARFAR2,Das,4,13.552,19,PZ24
Das,Das,7,13.633,20,PZ24
VfoldLA,Chen,5,13.651,21,PZ24
Das,Das,9,14.141,22,PZ24
Vfold3D,Chen,4,14.196,23,PZ24
VfoldLA,Chen,4,14.248,24,PZ24
VfoldLA,Chen,3,14.323,25,PZ24
Adamiak,Szachniuk,3,14.372,26,PZ24
Das,Das,5,14.377,27,PZ24
Bujnicki,Bujnicki,5,14.583,28,PZ24
Vfold3D,Chen,1,14.738,30,PZ24
Das,Das,8,14.931,31,PZ24
VfoldLA,Chen,1,14.997,32,PZ24
Das,Das,4,15.015,33,PZ24
Bujnicki,Bujnicki,1,15.072,34,PZ24
Adamiak,Szachniuk,4,15.075,35,PZ24
VfoldLA,Chen,2,15.353,36,PZ24
DasTFN,Das,2,13.302,18,PZ24
FARFAR2,Das,8,12.922,17,PZ24
DasTFN,Das,10,4.829,1,PZ24
DasTFN,Das,6,6.57,2,PZ24
FARFAR2,Das,9,7.68,3,PZ24
DasTFN,Das,9,8.915,4,PZ24
FARFAR2,Das,6,8.915,4,PZ24
Bujnicki,Bujnicki,2,9.752,6,PZ24
Adamiak,Szachniuk,5,9.85,7,PZ24
FARFAR2,Das,10,10.134,8,PZ24
Adamiak,Szachniuk,1,10.272,9,PZ24
DasTFN,Das,8,10.62,10,PZ24
Bujnicki,Bujnicki,3,10.777,11,PZ24
DasTFN,Das,1,10.901,12,PZ24
Adamiak,Szachniuk,2,10.936,13,PZ24
Vfold3D,Chen,5,11.033,14,PZ24
FARFAR2,Das,7,12.198,15,PZ24
DasTFN,Das,4,21.887,57,PZ24
Vfold3D,Chen,3,15.497,37,PZ24
Vfold3D,Chen,2,12.787,16,PZ24
Das,Das,1,15.942,38,PZ24
FARFAR2,Das,5,18.405,47,PZ24
FARFAR2,Das,3,19.079,48,PZ24
Ding,Ding,6,19.105,49,PZ24
Ding,Ding,5,19.178,50,PZ24
DasTFN,Das,5,19.588,51,PZ24
Bujnicki,Bujnicki,4,18.301,46,PZ24
Ding,Ding,10,19.616,52,PZ24
Ding,Ding,1,19.91,53,PZ24
Ding,Ding,3,20.59,54,PZ24
Ding,Ding,2,20.821,55,PZ24
Ding,Ding,9,21.018,56,PZ24
DasTFN,Das,7,16.785,43,PZ24
FARFAR2,Das,2,16.866,44,PZ24
Das,Das,2,17.264,45,PZ24
Das,Das,3,16.765,40,PZ24
DasTFN,Das,3,16.774,41,PZ24
Das,Das,10,16.477,39,PZ24
FARFAR2,Das,1,16.774,41,PZ24
Ding,Ding,2,7.474,20,PZ31
Szachniuk,Szachniuk,2,7.465,19,PZ31
Ding,Ding,4,9.095,22,PZ31
Chen,Chen,8,7.215,18,PZ31
Ding,Ding,3,6.751,17,PZ31
Chen,Chen,9,6.646,16,PZ31
Bujnicki,Bujnicki,5,6.414,15,PZ31
Szachniuk,Szachniuk,1,9.145,23,PZ31
Ding,Ding,6,9.198,24,PZ31
Ding,Ding,5,9.635,25,PZ31
Perez,Perez,1,9.001,21,PZ31
Chen,Chen,6,5.584,8,PZ31
Dfold,Kollmann,1,25.574,62,PZ31
Chen,Chen,1,5.645,9,PZ31
Chen,Chen,2,5.688,10,PZ31
Szachniuk,Szachniuk,5,5.737,11,PZ31
Szachniuk,Szachniuk,3,5.781,12,PZ31
Ding,Ding,1,5.861,13,PZ31
Chen,Chen,3,5.513,6,PZ31
Chen,Chen,10,6.01,14,PZ31
Bujnicki,Bujnicki,2,5.449,5,PZ31
Chen,Chen,5,5.415,4,PZ31
Chen,Chen,7,5.166,3,PZ31
Dokholyan,Dokholyan,1,4.956,2,PZ31
Dokholyan,Dokholyan,2,4.798,1,PZ31
Dfold,Kollmann,8,24.803,61,PZ31
Bujnicki,Bujnicki,4,5.513,6,PZ31
Nithin,Nithin,2,10.253,26,PZ31
Szachniuk,Szachniuk,4,12.738,36,PZ31
Perez,Perez,4,16.409,46,PZ31
Perez,Perez,8,17.158,47,PZ31
Perez,Perez,3,17.708,48,PZ31
Xiao,Xiao,3,17.749,49,PZ31
Perez,Perez,7,18.153,50,PZ31
Xiao,Xiao,2,18.376,51,PZ31
Perez,Perez,5,16.075,45,PZ31
Perez,Perez,9,18.727,52,PZ31
Dfold,Kollmann,10,20.565,54,PZ31
Dfold,Kollmann,6,21.345,55,PZ31
Dfold,Kollmann,9,21.547,56,PZ31
Dfold,Kollmann,5,22.043,57,PZ31
Dfold,Kollmann,4,22.592,58,PZ31
Dfold,Kollmann,3,22.795,59,PZ31
Perez,Perez,2,19.562,53,PZ31
Xiao,Xiao,4,14.465,44,PZ31
Perez,Perez,6,14.372,43,PZ31
Ding,Ding,7,14.082,42,PZ31
Xiao,Xiao,5,11.267,28,PZ31
Nithin,Nithin,5,11.372,29,PZ31
Ding,Ding,9,11.661,30,PZ31
Perez,Perez,10,11.667,31,PZ31
Ding,Ding,8,12.034,32,PZ31
Ding,Ding,10,12.317,33,PZ31
Nithin,Nithin,4,12.591,34,PZ31
Xiao,Xiao,1,12.598,35,PZ31
Bujnicki,Bujnicki,1,12.774,37,PZ31
Nithin,Nithin,3,12.775,38,PZ31
Nithin,Nithin,1,12.947,39,PZ31
Chen,Chen,4,13.181,40,PZ31
Dfold,Kollmann,2,14.069,41,PZ31
Bujnicki,Bujnicki,3,10.601,27,PZ31
Dfold,Kollmann,7,23.998,60,PZ31
Perez,Perez,8,9.246,25,PZ39
Chen,Chen,1,3.959,2,PZ39
DasEMinfo,Das,4,20.38,66,PZ39
GeneSilico1,Bujnicki,3,20.348,65,PZ39
SoutheRNA,SoutheRNA,8,20.316,64,PZ39
DasEMinfo,Das,2,20.131,63,PZ39
Xiong,Xiong,3,20.06,62,PZ39
Dokholyan,Dokholyan,1,19.975,61,PZ39
DasEMinfo,Das,3,19.91,60,PZ39
Chen,Chen,7,19.798,59,PZ39
Dokholyan,Dokholyan,3,19.623,58,PZ39
GeneSilico1,Bujnicki,1,20.433,67,PZ39
SoutheRNA,SoutheRNA,3,19.36,57,PZ39
SoutheRNA,SoutheRNA,4,19.247,55,PZ39
Dfold,Kollmann,2,19.217,54,PZ39
Dfold,Kollmann,3,19.034,53,PZ39
Dfold,Kollmann,4,18.239,52,PZ39
Dfold,Kollmann,1,18.073,51,PZ39
DasEMinfo,Das,1,19.329,56,PZ39
GeneSilico1,Bujnicki,5,17.181,50,PZ39
SoutheRNA,SoutheRNA,9,20.451,68,PZ39
Chen,Chen,5,20.57,69,PZ39
Dokholyan,Dokholyan,4,23.211,88,PZ39
DasEMinfo,Das,5,23.038,87,PZ39
Dfold,Kollmann,5,23.037,86,PZ39
Zhou,Anonymous,3,22.847,84,PZ39
Dokholyan,Dokholyan,5,22.847,84,PZ39
Chen,Chen,6,22.787,83,PZ39
Zhou,Anonymous,4,22.277,82,PZ39
Perez,Perez,2,22.1,81,PZ39
Zhou,Anonymous,1,21.994,80,PZ39
Perez,Perez,7,21.888,78,PZ39
Perez,Perez,6,21.806,77,PZ39
Zhou,Anonymous,5,21.756,76,PZ39
Chen,Chen,9,21.596,75,PZ39
SoutheRNA,SoutheRNA,2,21.446,74,PZ39
Szachniuk,Szachniuk,5,21.417,73,PZ39
SoutheRNA,SoutheRNA,6,21.219,72,PZ39
Ding,Ding,3,20.745,71,PZ39
SoutheRNA,SoutheRNA,1,20.575,70,PZ39
Zhou,Anonymous,2,21.916,79,PZ39
GeneSilico4,Bujnicki,1,3.383,1,PZ39
Perez,Perez,1,17.12,49,PZ39
Ding,Ding,6,17.065,47,PZ39
DasSWM,Das,1,8.023,21,PZ39
Perez,Perez,3,7.959,20,PZ39
GeneSilico2,Bujnicki,5,7.898,19,PZ39
DasSWM,Das,4,7.893,18,PZ39
Chen,Chen,3,7.649,17,PZ39
DasSWM,Das,3,7.464,16,PZ39
Ding,Ding,1,7.452,15,PZ39
SoutheRNA,SoutheRNA,10,7.245,14,PZ39
DasSWM,Das,2,7.191,13,PZ39
GeneSilico2,Bujnicki,3,8.162,22,PZ39
GeneSilico2,Bujnicki,2,6.618,11,PZ39
Ding,Ding,4,6.446,10,PZ39
GeneSilico2,Bujnicki,4,5.959,9,PZ39
GeneSilico1,Bujnicki,2,5.919,8,PZ39
SoutheRNA,SoutheRNA,5,5.61,7,PZ39
Szachniuk,Szachniuk,1,5.605,6,PZ39
DasSWM,Das,5,5.594,5,PZ39
GeneSilico3,Bujnicki,1,5.447,4,PZ39
Chen,Chen,2,5.267,3,PZ39
Dokholyan,Dokholyan,2,6.779,12,PZ39
Xiong,Xiong,2,17.096,48,PZ39
GeneSilico2,Bujnicki,1,8.768,23,PZ39
Perez,Perez,5,9.757,26,PZ39
Xiao,Xiao,3,16.463,46,PZ39
Chen,Chen,10,16.38,45,PZ39
Perez,Perez,4,16.267,44,PZ39
SoutheRNA,SoutheRNA,7,15.968,43,PZ39
Xiao,Xiao,2,15.833,42,PZ39
Xiong,Xiong,1,15.634,41,PZ39
Xiao,Xiao,4,15.47,40,PZ39
Xiao,Xiao,5,15.246,39,PZ39
Perez,Perez,10,8.947,24,PZ39
Chen,Chen,8,14.426,38,PZ39
Szachniuk,Szachniuk,4,13.002,36,PZ39
Ding,Ding,2,12.537,35,PZ39
Ding,Ding,8,12.102,34,PZ39
Perez,Perez,9,11.846,33,PZ39
GeneSilico1,Bujnicki,4,11.73,32,PZ39
Xiong,Xiong,5,11.667,31,PZ39
Szachniuk,Szachniuk,3,11.047,30,PZ39
Szachniuk,Szachniuk,2,10.922,29,PZ39
Chen,Chen,4,10.562,28,PZ39
Xiong,Xiong,4,10.376,27,PZ39
Ding,Ding,7,13.614,37,PZ39
Ding,Ding,5,23.301,89,PZ39
Xiao,Xiao,1,23.926,90,PZ39
Das,Das,4,25.395,26,PZ22
Xiao,Xiao,3,24.468,21,PZ22
Dokholyan,Dokholyan,4,24.487,23,PZ22
Bujnicki,Bujnicki,5,24.87,24,PZ22
Chen,Chen,4,25.355,25,PZ22
Chen,Chen,2,26.154,27,PZ22
Chen,Chen,1,26.82,28,PZ22
Bujnicki,Bujnicki,4,26.946,29,PZ22
Bujnicki,Bujnicki,3,27.393,30,PZ22
Adamiak,Szachniuk,3,27.938,31,PZ22
Adamiak,Szachniuk,1,28.834,32,PZ22
Dokholyan,Dokholyan,1,28.986,33,PZ22
Dokholyan,Dokholyan,2,29.496,34,PZ22
Chen,Chen,3,31.762,35,PZ22
Das,Das,3,23.908,20,PZ22
Dokholyan,Dokholyan,3,24.478,22,PZ22
Chen,Chen,5,21.39,18,PZ22
Das,Das,5,10.663,1,PZ22
Das,Das,1,11.48,2,PZ22
Das,Das,2,11.732,3,PZ22
Xiao,Xiao,1,13.678,4,PZ22
Das,Das,8,13.96,5,PZ22
Adamiak,Szachniuk,5,15.558,6,PZ22
Xiao,Xiao,2,17.173,7,PZ22
Xiao,Xiao,4,23.219,19,PZ22
Bujnicki,Bujnicki,2,17.959,9,PZ22
Das,Das,6,18.23,10,PZ22
Das,Das,9,17.484,8,PZ22
Xiao,Xiao,5,18.826,12,PZ22
Das,Das,7,21.158,17,PZ22
Adamiak,Szachniuk,4,18.394,11,PZ22
Dokholyan,Dokholyan,5,19.994,15,PZ22
Bujnicki,Bujnicki,1,20.929,16,PZ22
Das,Das,10,19.334,13,PZ22
Adamiak,Szachniuk,2,19.653,14,PZ22
Bujnicki,Bujnicki,3,35.53,26,PZ22Dimer
Adamiak,Szachniuk,4,32.95,20,PZ22Dimer
Chen,Chen,4,33.594,21,PZ22Dimer
Das,Das,7,33.971,22,PZ22Dimer
Das,Das,1,34.474,23,PZ22Dimer
Xiao,Xiao,5,34.983,24,PZ22Dimer
Xiao,Xiao,1,35.088,25,PZ22Dimer
Dokholyan,Dokholyan,1,35.587,27,PZ22Dimer
Bujnicki,Bujnicki,4,31.677,18,PZ22Dimer
Chen,Chen,1,36.235,29,PZ22Dimer
Xiao,Xiao,2,36.32,30,PZ22Dimer
Dokholyan,Dokholyan,2,36.397,31,PZ22Dimer
Dokholyan,Dokholyan,3,38.345,32,PZ22Dimer
Dokholyan,Dokholyan,4,39.694,33,PZ22Dimer
Xiao,Xiao,3,43.461,34,PZ22Dimer
Bujnicki,Bujnicki,5,49.574,35,PZ22Dimer
Adamiak,Szachniuk,2,32.797,19,PZ22Dimer
Dokholyan,Dokholyan,5,36.038,28,PZ22Dimer
Chen,Chen,2,31.364,17,PZ22Dimer
Das,Das,4,26.56,8,PZ22Dimer
Bujnicki,Bujnicki,2,31.15,15,PZ22Dimer
Xiao,Xiao,4,31.156,16,PZ22Dimer
Adamiak,Szachniuk,5,20.249,1,PZ22Dimer
Das,Das,6,20.472,2,PZ22Dimer
Das,Das,5,21.248,3,PZ22Dimer
Das,Das,2,21.616,4,PZ22Dimer
Das,Das,3,21.958,5,PZ22Dimer
Chen,Chen,3,26.48,7,PZ22Dimer
Das,Das,10,24.201,6,PZ22Dimer
Chen,Chen,5,27.746,9,PZ22Dimer
Das,Das,9,28.435,10,PZ22Dimer
Das,Das,8,28.748,11,PZ22Dimer
Bujnicki,Bujnicki,1,29.157,12,PZ22Dimer
Adamiak,Szachniuk,3,29.954,13,PZ22Dimer
Adamiak,Szachniuk,1,31.017,14,PZ22Dimer
FARFAR2apo,Das,3,14.77,65,PZ34
Chen,Chen,2,14.104,59,PZ34
Chen,Chen,5,14.322,60,PZ34
Das,Das,6,14.328,61,PZ34
ARESapo,Das,3,14.67,64,PZ34
ARESgua,Das,4,14.373,63,PZ34
Nithin,Nithin,2,14.803,66,PZ34
SWMapo,Das,7,14.328,61,PZ34
Bujnicki,Bujnicki,2,13.871,58,PZ34
Nithin,Nithin,3,13.669,56,PZ34
Nithin,Nithin,5,13.598,55,PZ34
ARESapo,Das,4,13.392,54,PZ34
Chen,Chen,1,13.383,53,PZ34
SWMapo,Das,3,13.24,52,PZ34
ARESapo,Das,7,13.229,51,PZ34
Das,Das,8,13.047,49,PZ34
FARFAR2gua,Das,7,14.911,67,PZ34
ARESgua,Das,8,13.047,49,PZ34
ARESgua,Das,10,13.862,57,PZ34
SWMapo,Das,6,15.181,68,PZ34
FARFAR2apo,Das,6,12.653,43,PZ34
Das,Das,7,15.401,70,PZ34
ARESgua,Das,1,12.971,48,PZ34
Bujnicki,Bujnicki,4,19.172,90,PZ34
Bujnicki,Bujnicki,3,18.874,89,PZ34
Chen,Chen,9,18.686,88,PZ34
Xiao,Xiao,2,18.43,87,PZ34
Szachniuk,Szachniuk,4,18.154,86,PZ34
SWMapo,Das,5,18.083,85,PZ34
Xiao,Xiao,3,17.848,84,PZ34
Chen,Chen,10,17.833,83,PZ34
Xiao,Xiao,1,17.477,82,PZ34
Nithin,Nithin,1,15.184,69,PZ34
Nithin,Nithin,4,17.324,81,PZ34
Chen,Chen,8,17.229,79,PZ34
Xiao,Xiao,4,17.008,78,PZ34
Xiao,Xiao,5,16.811,77,PZ34
Szachniuk,Szachniuk,5,16.425,76,PZ34
Szachniuk,Szachniuk,2,15.757,75,PZ34
SWMapo,Das,8,15.725,73,PZ34
Das,Das,5,15.725,73,PZ34
SWMapo,Das,10,15.546,72,PZ34
SWMapo,Das,9,15.401,70,PZ34
Chen,Chen,7,17.27,80,PZ34
FARFAR2gua,Das,8,12.825,46,PZ34
ARESgua,Das,5,10.332,8,PZ34
ARESgua,Das,6,12.795,45,PZ34
Bujnicki,Bujnicki,1,11.176,20,PZ34
SWMapo,Das,1,10.931,18,PZ34
Das,Das,3,10.931,18,PZ34
FARFAR2apo,Das,5,10.887,16,PZ34
ARESapo,Das,9,10.887,16,PZ34
FARFAR2apo,Das,7,10.673,14,PZ34
Das,Das,1,10.673,14,PZ34
FARFAR2apo,Das,2,10.619,13,PZ34
FARFAR2gua,Das,2,10.608,12,PZ34
FARFAR2gua,Das,5,11.238,21,PZ34
FARFAR2gua,Das,10,10.334,10,PZ34
FARFAR2gua,Das,4,10.332,8,PZ34
Dokholyan,Dokholyan,1,21.255,91,PZ34
FARFAR2gua,Das,6,10.133,7,PZ34
Chen,Chen,3,9.446,6,PZ34
ARESgua,Das,9,9.069,5,PZ34
SWMapo,Das,4,8.961,3,PZ34
Das,Das,2,8.961,3,PZ34
SWMapo,Das,2,8.707,1,PZ34
Das,Das,4,8.707,1,PZ34
ARESapo,Das,1,10.591,11,PZ34
Das,Das,9,12.825,46,PZ34
FARFAR2apo,Das,4,11.371,22,PZ34
FARFAR2gua,Das,1,11.564,24,PZ34
Bujnicki,Bujnicki,5,12.779,44,PZ34
Chen,Chen,6,12.638,42,PZ34
Szachniuk,Szachniuk,1,12.563,41,PZ34
FARFAR2gua,Das,9,12.559,39,PZ34
Das,Das,10,12.559,39,PZ34
Chen,Chen,4,12.558,38,PZ34
ARESapo,Das,2,12.448,37,PZ34
ARESapo,Das,8,12.383,36,PZ34
FARFAR2apo,Das,8,11.459,23,PZ34
FARFAR2apo,Das,10,12.273,35,PZ34
ARESapo,Das,6,12.231,33,PZ34
ARESgua,Das,3,11.973,32,PZ34
ARESapo,Das,10,11.952,31,PZ34
ARESgua,Das,2,11.859,30,PZ34
Szachniuk,Szachniuk,3,11.775,29,PZ34
ARESapo,Das,5,11.771,28,PZ34
FARFAR2apo,Das,1,11.679,27,PZ34
FARFAR2apo,Das,9,11.667,26,PZ34
FARFAR2gua,Das,3,11.601,25,PZ34
ARESgua,Das,7,12.243,34,PZ34
Bujnicki,Bujnicki,3,5.982,1,PZ35
Szachniuk,Szachniuk,3,13.111,9,PZ35
Chen,Chen,7,6.556,3,PZ35
Ding,Ding,5,17.425,25,PZ35
Bujnicki,Bujnicki,2,17.573,26,PZ35
Ding,Ding,6,17.722,27,PZ35
Nithin,Nithin,3,17.836,28,PZ35
Nithin,Nithin,1,17.991,29,PZ35
Nithin,Nithin,2,18.121,30,PZ35
Nithin,Nithin,4,19.561,31,PZ35
Dfold2,Kollmann,8,20.146,32,PZ35
Chen,Chen,3,17.203,24,PZ35
Dfold2,Kollmann,5,20.911,34,PZ35
Dfold2,Kollmann,1,20.943,35,PZ35
Dfold2,Kollmann,6,24.265,36,PZ35
Dfold2,Kollmann,4,24.325,37,PZ35
Dokholyan,Dokholyan,2,24.936,38,PZ35
Dfold2,Kollmann,7,28.883,39,PZ35
Dfold2,Kollmann,3,30.185,40,PZ35
Dfold2,Kollmann,2,31.398,41,PZ35
Chen,Chen,5,6.498,2,PZ35
Bujnicki,Bujnicki,4,20.382,33,PZ35
Ding,Ding,2,17.067,23,PZ35
Ding,Ding,4,16.735,21,PZ35
Chen,Chen,9,6.601,4,PZ35
Chen,Chen,2,6.646,5,PZ35
Chen,Chen,4,6.657,6,PZ35
Chen,Chen,1,6.797,7,PZ35
Ding,Ding,7,16.852,22,PZ35
Szachniuk,Szachniuk,4,8.804,8,PZ35
Szachniuk,Szachniuk,1,14.097,10,PZ35
Ding,Ding,1,16.495,18,PZ35
Bujnicki,Bujnicki,5,14.742,12,PZ35
Chen,Chen,8,15.308,13,PZ35
Ding,Ding,3,15.591,14,PZ35
Bujnicki,Bujnicki,1,16.05,15,PZ35
Dokholyan,Dokholyan,1,16.161,16,PZ35
Chen,Chen,10,16.439,17,PZ35
Chen,Chen,6,16.513,19,PZ35
Szachniuk,Szachniuk,2,14.112,11,PZ35
Nithin,Nithin,5,16.626,20,PZ35
Chen,Chen,2,30.592,17,PZ36
Nithin,Nithin,2,30.481,16,PZ36
Bujnicki,Bujnicki,1,37.94,28,PZ36
Nithin,Nithin,3,30.707,18,PZ36
Ding,Ding,4,30.035,14,PZ36
Nithin,Nithin,4,30.275,15,PZ36
Chen,Chen,10,30.796,19,PZ36
Chen,Chen,3,32.893,25,PZ36
Chen,Chen,6,31.507,21,PZ36
Chen,Chen,9,32.083,22,PZ36
Chen,Chen,7,32.323,23,PZ36
Chen,Chen,8,32.485,24,PZ36
Bujnicki,Bujnicki,3,37.618,27,PZ36
Nithin,Nithin,1,29.751,13,PZ36
Nithin,Nithin,5,31.007,20,PZ36
Bujnicki,Bujnicki,2,33.742,26,PZ36
Ding,Ding,2,27.961,12,PZ36
Szachniuk,Szachniuk,4,21.181,1,PZ36
Bujnicki,Bujnicki,5,21.654,2,PZ36
Ding,Ding,1,21.817,3,PZ36
Bujnicki,Bujnicki,4,23.535,5,PZ36
Chen,Chen,1,24.015,6,PZ36
Szachniuk,Szachniuk,3,24.3,7,PZ36
Szachniuk,Szachniuk,1,23.425,4,PZ36
Chen,Chen,4,24.506,9,PZ36
Ding,Ding,3,25.031,10,PZ36
Szachniuk,Szachniuk,2,24.487,8,PZ36
Chen,Chen,5,27.956,11,PZ36
Das,Das,4,7.17,34,PZ25
Das,Das,2,7.02,33,PZ25
Das,Das,10,6.887,32,PZ25
Das,Das,1,5.748,28,PZ25
Das,Das,9,5.951,29,PZ25
Xiao,Xiao,3,4.647,27,PZ25
Xiao,Xiao,5,4.646,26,PZ25
Das,Das,6,6.638,30,PZ25
Ding,Ding,2,8.577,35,PZ25
Xiao,Xiao,4,4.644,25,PZ25
Ding,Ding,3,9.843,36,PZ25
Ding,Ding,1,10.56,37,PZ25
Xiao,Xiao,2,24.844,38,PZ25
Xiao,Xiao,1,4.522,24,PZ25
Das,Das,3,6.646,31,PZ25
Das,Das,7,3.7,22,PZ25
Das,Das,8,4.211,23,PZ25
Chen,Chen,2,3.343,18,PZ25
Bujnicki,Bujnicki,1,3.218,17,PZ25
Adamiak,Szachniuk,5,3.18,16,PZ25
Chen,Chen,10,3.094,14,PZ25
Adamiak,Szachniuk,4,3.086,13,PZ25
Bujnicki,Bujnicki,3,3.069,12,PZ25
Chen,Chen,4,3.056,11,PZ25
Chen,Chen,7,3.054,10,PZ25
Bujnicki,Bujnicki,2,3.045,9,PZ25
Adamiak,Szachniuk,2,3.17,15,PZ25
Chen,Chen,9,2.874,7,PZ25
Chen,Chen,1,2.903,8,PZ25
Chen,Chen,6,3.477,20,PZ25
Das,Das,5,3.529,21,PZ25
Chen,Chen,5,2.551,1,PZ25
Bujnicki,Bujnicki,4,3.472,19,PZ25
Adamiak,Szachniuk,3,2.692,3,PZ25
Chen,Chen,8,2.709,4,PZ25
Chen,Chen,3,2.841,5,PZ25
Bujnicki,Bujnicki,5,2.86,6,PZ25
Adamiak,Szachniuk,1,2.681,2,PZ25
Adamiak,Szachniuk,4,20.621,45,PZ26
Xiao,Xiao,3,20.615,44,PZ26
Ding,Ding,3,20.186,43,PZ26
TFN,Das,10,20.003,42,PZ26
FARFAR2,Das,9,19.901,41,PZ26
Ding,Ding,1,19.338,40,PZ26
Adamiak,Szachniuk,3,18.809,38,PZ26
Adamiak,Szachniuk,1,18.711,37,PZ26
Chen,Chen,9,18.34,35,PZ26
Adamiak,Szachniuk,2,19.074,39,PZ26
Chen,Chen,10,21.417,47,PZ26
Chen,Chen,5,18.131,34,PZ26
Xiao,Xiao,4,29.841,57,PZ26
Xiao,Xiao,1,29.533,56,PZ26
Xiao,Xiao,2,28.116,55,PZ26
Chen,Chen,7,23.79,54,PZ26
Chen,Chen,6,21.399,46,PZ26
Chen,Chen,3,23.705,53,PZ26
TFN,Das,5,22.851,52,PZ26
Xiao,Xiao,5,22.586,51,PZ26
Chen,Chen,8,22.123,50,PZ26
Chen,Chen,4,21.857,49,PZ26
Chen,Chen,1,21.553,48,PZ26
TFN,Das,9,18.103,33,PZ26
Chen,Chen,2,18.479,36,PZ26
FARFAR2,Das,7,17.647,30,PZ26
Bujnicki,Bujnicki,2,15.442,14,PZ26
FARFAR2,Das,3,15.29,12,PZ26
Das,Das,5,15.29,12,PZ26
Das,Das,1,15.278,11,PZ26
Bujnicki,Bujnicki,3,15.231,10,PZ26
FARFAR2,Das,8,14.974,9,PZ26
Das,Das,3,15.662,15,PZ26
FARFAR2,Das,5,14.889,8,PZ26
FARFAR2,Das,1,14.318,5,PZ26
Das,Das,2,14.318,5,PZ26
Bujnicki,Bujnicki,5,13.983,4,PZ26
Das,Das,9,13.342,3,PZ26
TFN,Das,7,12.76,2,PZ26
TFN,Das,3,12.458,1,PZ26
TFN,Das,8,14.728,7,PZ26
FARFAR2,Das,10,15.662,15,PZ26
TFN,Das,2,17.739,32,PZ26
TFN,Das,1,15.811,18,PZ26
Bujnicki,Bujnicki,4,15.721,17,PZ26
Das,Das,8,17.647,30,PZ26
Das,Das,10,17.501,29,PZ26
Ding,Ding,2,17.364,28,PZ26
TFN,Das,6,17.111,26,PZ26
FARFAR2,Das,4,17.072,24,PZ26
TFN,Das,4,17.319,27,PZ26
FARFAR2,Das,2,16.859,22,PZ26
Das,Das,4,16.859,22,PZ26
Bujnicki,Bujnicki,1,16.562,21,PZ26
FARFAR2,Das,6,16.37,19,PZ26
Das,Das,7,16.37,19,PZ26
Das,Das,6,17.072,24,PZ26
Bujnicki,Bujnicki,5,17.768,38,PZ26tBox
Chen,Chen,4,18.096,42,PZ26tBox
TFN,Das,1,17.948,41,PZ26tBox
FARFAR2,Das,9,17.824,40,PZ26tBox
Chen,Chen,8,17.783,39,PZ26tBox
Bujnicki,Bujnicki,1,17.693,37,PZ26tBox
TFN,Das,2,16.893,31,PZ26tBox
Ding,Ding,2,17.375,35,PZ26tBox
Das,Das,9,17.346,34,PZ26tBox
TFN,Das,9,17.312,33,PZ26tBox
Chen,Chen,5,17.121,32,PZ26tBox
Bujnicki,Bujnicki,4,16.877,30,PZ26tBox
Chen,Chen,6,17.387,36,PZ26tBox
TFN,Das,5,20.064,49,PZ26tBox
Chen,Chen,2,18.828,44,PZ26tBox
Xiao,Xiao,2,25.069,57,PZ26tBox
Bujnicki,Bujnicki,3,16.852,29,PZ26tBox
Xiao,Xiao,4,23.271,54,PZ26tBox
Xiao,Xiao,3,23.271,54,PZ26tBox
TFN,Das,10,18.665,43,PZ26tBox
Xiao,Xiao,1,20.652,53,PZ26tBox
Adamiak,Szachniuk,2,20.201,51,PZ26tBox
Chen,Chen,3,20.085,50,PZ26tBox
Chen,Chen,1,19.485,48,PZ26tBox
Chen,Chen,7,19.451,47,PZ26tBox
Chen,Chen,10,19.413,46,PZ26tBox
Adamiak,Szachniuk,1,19.323,45,PZ26tBox
Adamiak,Szachniuk,3,20.299,52,PZ26tBox
Xiao,Xiao,5,23.271,54,PZ26tBox
FARFAR2,Das,7,16.642,26,PZ26tBox
TFN,Das,6,16.706,28,PZ26tBox
Das,Das,6,13.2,1,PZ26tBox
FARFAR2,Das,4,13.2,1,PZ26tBox
FARFAR2,Das,8,13.397,3,PZ26tBox
TFN,Das,3,13.967,4,PZ26tBox
TFN,Das,7,14.567,5,PZ26tBox
Chen,Chen,9,14.85,6,PZ26tBox
Das,Das,5,15.759,8,PZ26tBox
FARFAR2,Das,3,15.759,8,PZ26tBox
TFN,Das,4,15.934,10,PZ26tBox
Adamiak,Szachniuk,4,15.963,11,PZ26tBox
Ding,Ding,3,16.011,12,PZ26tBox
Das,Das,3,16.085,13,PZ26tBox
FARFAR2,Das,5,15.695,7,PZ26tBox
Das,Das,4,16.286,15,PZ26tBox
FARFAR2,Das,10,16.085,13,PZ26tBox
FARFAR2,Das,6,16.617,24,PZ26tBox
Das,Das,7,16.617,24,PZ26tBox
Ding,Ding,1,16.507,23,PZ26tBox
TFN,Das,8,16.493,22,PZ26tBox
Das,Das,8,16.642,26,PZ26tBox
Das,Das,2,16.452,20,PZ26tBox
Bujnicki,Bujnicki,2,16.428,19,PZ26tBox
Das,Das,1,16.356,18,PZ26tBox
Das,Das,10,16.291,17,PZ26tBox
FARFAR2,Das,2,16.286,15,PZ26tBox
FARFAR2,Das,1,16.452,20,PZ26tBox
FARFAR2,Das,3,2.531,15,PZ26tRNA
FARFAR2,Das,9,2.533,17,PZ26tRNA
Das,Das,6,2.544,18,PZ26tRNA
FARFAR2,Das,4,2.544,18,PZ26tRNA
TFN,Das,6,2.556,20,PZ26tRNA
Das,Das,9,2.571,21,PZ26tRNA
TFN,Das,9,2.619,25,PZ26tRNA
Das,Das,8,2.618,23,PZ26tRNA
FARFAR2,Das,7,2.618,23,PZ26tRNA
Das,Das,4,2.622,26,PZ26tRNA
FARFAR2,Das,2,2.622,26,PZ26tRNA
Das,Das,7,2.659,28,PZ26tRNA
FARFAR2,Das,6,2.659,28,PZ26tRNA
Bujnicki,Bujnicki,1,2.611,22,PZ26tRNA
Das,Das,5,2.531,15,PZ26tRNA
Chen,Chen,1,4.16,48,PZ26tRNA
FARFAR2,Das,8,2.522,13,PZ26tRNA
Das,Das,10,2.669,30,PZ26tRNA
TFN,Das,8,2.414,1,PZ26tRNA
TFN,Das,4,2.419,2,PZ26tRNA
Bujnicki,Bujnicki,2,2.427,3,PZ26tRNA
FARFAR2,Das,5,2.429,4,PZ26tRNA
TFN,Das,2,2.458,5,PZ26tRNA
TFN,Das,5,2.526,14,PZ26tRNA
TFN,Das,3,2.481,6,PZ26tRNA
Adamiak,Szachniuk,3,2.483,8,PZ26tRNA
Das,Das,2,2.483,8,PZ26tRNA
FARFAR2,Das,1,2.483,8,PZ26tRNA
TFN,Das,10,2.505,11,PZ26tRNA
TFN,Das,1,2.514,12,PZ26tRNA
TFN,Das,7,2.482,7,PZ26tRNA
Adamiak,Szachniuk,1,4.258,49,PZ26tRNA
Das,Das,3,2.811,32,PZ26tRNA
Das,Das,1,2.808,31,PZ26tRNA
Ding,Ding,3,10.943,57,PZ26tRNA
Ding,Ding,2,10.346,56,PZ26tRNA
Ding,Ding,1,6.325,55,PZ26tRNA
Chen,Chen,9,5.538,54,PZ26tRNA
Chen,Chen,3,5.458,53,PZ26tRNA
Chen,Chen,6,4.924,52,PZ26tRNA
Chen,Chen,10,4.433,51,PZ26tRNA
Adamiak,Szachniuk,4,4.111,47,PZ26tRNA
Adamiak,Szachniuk,2,4.021,46,PZ26tRNA
Bujnicki,Bujnicki,5,4.322,50,PZ26tRNA
Chen,Chen,4,2.844,34,PZ26tRNA
Chen,Chen,2,3.055,35,PZ26tRNA
Bujnicki,Bujnicki,4,3.089,36,PZ26tRNA
Bujnicki,Bujnicki,3,3.28,37,PZ26tRNA
Chen,Chen,5,3.535,38,PZ26tRNA
FARFAR2,Das,10,2.811,32,PZ26tRNA
Xiao,Xiao,2,3.633,39,PZ26tRNA
Xiao,Xiao,3,3.633,39,PZ26tRNA
Xiao,Xiao,4,3.633,39,PZ26tRNA
Xiao,Xiao,5,3.633,39,PZ26tRNA
Chen,Chen,8,3.777,44,PZ26tRNA
Chen,Chen,7,3.987,45,PZ26tRNA
Xiao,Xiao,1,3.633,39,PZ26tRNA
Adamiak,Szachniuk,2,19.126,45,PZ27
Adamiak,Szachniuk,1,19.064,44,PZ27
Chen,Chen,6,17.044,43,PZ27
Bujnicki,Bujnicki,3,15.933,39,PZ27
Chen,Chen,7,16.066,40,PZ27
Chen,Chen,10,15.654,38,PZ27
Bujnicki,Bujnicki,1,15.648,37,PZ27
Chen,Chen,5,15.283,36,PZ27
Bujnicki,Bujnicki,4,23.414,46,PZ27
Bujnicki,Bujnicki,2,16.403,41,PZ27
Bujnicki,Bujnicki,5,23.548,47,PZ27
Xiao,Xiao,4,30.295,49,PZ27
Xiao,Xiao,1,41.009,50,PZ27
Xiao,Xiao,2,43.031,51,PZ27
Xiao,Xiao,3,45.206,52,PZ27
TFN,Das,8,15.177,35,PZ27
Xiao,Xiao,5,27.203,48,PZ27
FARFAR2,Das,5,14.745,33,PZ27
FARFAR2,Das,10,16.598,42,PZ27
Chen,Chen,8,14.74,32,PZ27
Chen,Chen,2,11.701,14,PZ27
Chen,Chen,9,11.691,13,PZ27
TFN,Das,9,11.632,12,PZ27
TFN,Das,4,11.629,11,PZ27
TFN,Das,3,11.32,10,PZ27
TFN,Das,10,10.94,9,PZ27
Chen,Chen,4,11.71,15,PZ27
FARFAR2,Das,1,10.838,7,PZ27
FARFAR2,Das,8,10.677,5,PZ27
Das,Das,5,10.677,5,PZ27
FARFAR2,Das,6,10.333,4,PZ27
FARFAR2,Das,2,10.115,2,PZ27
Das,Das,4,14.745,33,PZ27
TFN,Das,2,9.498,1,PZ27
Das,Das,8,10.838,7,PZ27
Das,Das,6,11.807,16,PZ27
Das,Das,2,10.115,2,PZ27
Das,Das,9,11.83,18,PZ27
FARFAR2,Das,9,11.807,16,PZ27
Chen,Chen,1,14.581,31,PZ27
TFN,Das,5,13.771,30,PZ27
Chen,Chen,3,13.622,29,PZ27
TFN,Das,7,13.409,28,PZ27
Das,Das,10,13.209,27,PZ27
TFN,Das,1,13.051,26,PZ27
TFN,Das,6,12.5,25,PZ27
FARFAR2,Das,3,12.257,23,PZ27
Das,Das,1,12.257,23,PZ27
FARFAR2,Das,4,12.16,21,PZ27
Das,Das,3,12.16,21,PZ27
FARFAR2,Das,7,12.122,19,PZ27
Das,Das,7,12.122,19,PZ27
Adamiak,Szachniuk,2,20.254,46,PZ27tBox
Adamiak,Szachniuk,1,20.242,45,PZ27tBox
Chen,Chen,6,19.518,44,PZ27tBox
Bujnicki,Bujnicki,5,19.468,43,PZ27tBox
Bujnicki,Bujnicki,1,18.158,40,PZ27tBox
Bujnicki,Bujnicki,3,18.393,41,PZ27tBox
FARFAR2,Das,10,17.402,36,PZ27tBox
Chen,Chen,7,18.122,39,PZ27tBox
TFN,Das,8,17.804,38,PZ27tBox
Chen,Chen,10,17.647,37,PZ27tBox
Bujnicki,Bujnicki,2,18.952,42,PZ27tBox
Bujnicki,Bujnicki,4,22.489,47,PZ27tBox
FARFAR2,Das,5,16.971,34,PZ27tBox
Xiao,Xiao,3,43.041,50,PZ27tBox
Xiao,Xiao,2,43.041,50,PZ27tBox
Xiao,Xiao,1,43.041,50,PZ27tBox
Xiao,Xiao,5,26.696,48,PZ27tBox
Xiao,Xiao,4,26.696,48,PZ27tBox
Das,Das,4,16.971,34,PZ27tBox
Das,Das,10,15.251,27,PZ27tBox
FARFAR2,Das,9,13.535,12,PZ27tBox
Das,Das,6,13.535,12,PZ27tBox
Das,Das,9,13.211,11,PZ27tBox
TFN,Das,3,12.814,10,PZ27tBox
FARFAR2,Das,1,12.743,8,PZ27tBox
Das,Das,8,12.743,8,PZ27tBox
TFN,Das,4,13.592,14,PZ27tBox
TFN,Das,10,12.702,7,PZ27tBox
Das,Das,5,12.023,5,PZ27tBox
FARFAR2,Das,2,11.538,3,PZ27tBox
Das,Das,2,11.538,3,PZ27tBox
FARFAR2,Das,6,11.381,2,PZ27tBox
Chen,Chen,5,16.869,33,PZ27tBox
TFN,Das,2,11.041,1,PZ27tBox
FARFAR2,Das,8,12.023,5,PZ27tBox
TFN,Das,9,13.649,15,PZ27tBox
Chen,Chen,9,13.883,18,PZ27tBox
Chen,Chen,2,13.751,17,PZ27tBox
Chen,Chen,4,13.697,16,PZ27tBox
Chen,Chen,1,16.355,32,PZ27tBox
TFN,Das,5,16.266,31,PZ27tBox
Chen,Chen,8,16.174,30,PZ27tBox
TFN,Das,7,15.58,29,PZ27tBox
Chen,Chen,3,15.496,28,PZ27tBox
FARFAR2,Das,4,14.442,24,PZ27tBox
TFN,Das,1,14.933,26,PZ27tBox
TFN,Das,6,14.421,23,PZ27tBox
FARFAR2,Das,3,14.333,21,PZ27tBox
Das,Das,1,14.333,21,PZ27tBox
FARFAR2,Das,7,14.286,19,PZ27tBox
Das,Das,7,14.286,19,PZ27tBox
Das,Das,3,14.442,24,PZ27tBox
Xiao,Xiao,4,4.022,40,PZ27tRNA
Adamiak,Szachniuk,1,4.417,45,PZ27tRNA
Chen,Chen,5,4.46,46,PZ27tRNA
Xiao,Xiao,5,4.022,40,PZ27tRNA
Xiao,Xiao,3,4.022,40,PZ27tRNA
FARFAR2,Das,5,3.194,35,PZ27tRNA
Xiao,Xiao,1,4.022,40,PZ27tRNA
Chen,Chen,1,4.021,39,PZ27tRNA
Chen,Chen,3,3.751,38,PZ27tRNA
Das,Das,9,3.23,37,PZ27tRNA
Das,Das,4,3.194,35,PZ27tRNA
Xiao,Xiao,2,4.022,40,PZ27tRNA
Adamiak,Szachniuk,2,4.562,47,PZ27tRNA
Bujnicki,Bujnicki,4,6.271,52,PZ27tRNA
Bujnicki,Bujnicki,5,5.236,49,PZ27tRNA
Bujnicki,Bujnicki,1,4.671,48,PZ27tRNA
Bujnicki,Bujnicki,2,5.746,51,PZ27tRNA
Bujnicki,Bujnicki,3,5.306,50,PZ27tRNA
Chen,Chen,2,2.968,34,PZ27tRNA
Das,Das,10,2.483,27,PZ27tRNA
Chen,Chen,10,2.889,33,PZ27tRNA
TFN,Das,10,2.05,1,PZ27tRNA
Das,Das,3,2.06,2,PZ27tRNA
FARFAR2,Das,4,2.06,2,PZ27tRNA
TFN,Das,9,2.08,4,PZ27tRNA
Das,Das,8,2.116,5,PZ27tRNA
FARFAR2,Das,1,2.116,5,PZ27tRNA
Das,Das,2,2.121,7,PZ27tRNA
FARFAR2,Das,2,2.121,7,PZ27tRNA
TFN,Das,7,2.127,9,PZ27tRNA
Das,Das,7,2.142,10,PZ27tRNA
FARFAR2,Das,7,2.142,10,PZ27tRNA
TFN,Das,3,2.146,12,PZ27tRNA
TFN,Das,1,2.149,13,PZ27tRNA
TFN,Das,6,2.15,14,PZ27tRNA
Das,Das,5,2.203,15,PZ27tRNA
FARFAR2,Das,8,2.203,15,PZ27tRNA
Chen,Chen,4,2.885,32,PZ27tRNA
Chen,Chen,8,2.88,31,PZ27tRNA
Chen,Chen,6,2.813,30,PZ27tRNA
FARFAR2,Das,10,2.56,29,PZ27tRNA
Chen,Chen,7,2.539,28,PZ27tRNA
Chen,Chen,9,2.371,26,PZ27tRNA
TFN,Das,4,2.253,25,PZ27tRNA
Das,Das,6,2.242,23,PZ27tRNA
FARFAR2,Das,3,2.235,21,PZ27tRNA
Das,Das,1,2.235,21,PZ27tRNA
TFN,Das,8,2.229,20,PZ27tRNA
TFN,Das,5,2.213,19,PZ27tRNA
TFN,Das,2,2.205,17,PZ27tRNA
FARFAR2,Das,9,2.242,23,PZ27tRNA
FARFAR2,Das,6,2.21,18,PZ27tRNA
Das,Das,1,30.827,21,PZ28
TFN,Das,6,31.364,26,PZ28
Das,Das,4,31.44,27,PZ28
Das,Das,3,31.447,28,PZ28
Xiao,Xiao,3,31.67,29,PZ28
Das,Das,6,31.703,30,PZ28
TFN,Das,4,31.913,31,PZ28
Xiao,Xiao,5,32.122,32,PZ28
Xiao,Xiao,4,32.314,33,PZ28
Xiao,Xiao,1,32.582,34,PZ28
Das,Das,5,32.634,35,PZ28
Chen,Chen,6,32.774,36,PZ28
TFN,Das,8,33.061,37,PZ28
Das,Das,9,33.132,38,PZ28
Chen,Chen,5,33.895,39,PZ28
FARFAR2,Das,4,33.951,40,PZ28
Bujnicki,Bujnicki,1,34.001,41,PZ28
Ding,Ding,1,34.347,42,PZ28
Chen,Chen,4,34.352,43,PZ28
FARFAR2,Das,7,34.563,44,PZ28
FARFAR2,Das,9,34.976,45,PZ28
FARFAR2,Das,5,35.17,46,PZ28
Chen,Chen,3,35.238,47,PZ28
Das,Das,2,35.367,48,PZ28
FARFAR2,Das,6,35.367,48,PZ28
TFN,Das,2,35.992,50,PZ28
Das,Das,7,31.224,25,PZ28
Adamiak,Szachniuk,4,31.022,24,PZ28
Das,Das,8,30.971,23,PZ28
Adamiak,Szachniuk,1,30.967,22,PZ28
TFN,Das,3,14.504,1,PZ28
Adamiak,Szachniuk,2,18.172,2,PZ28
Bujnicki,Bujnicki,4,20.05,3,PZ28
FARFAR2,Das,3,22.173,4,PZ28
TFN,Das,10,23.039,5,PZ28
Adamiak,Szachniuk,3,23.589,6,PZ28
TFN,Das,1,25.154,7,PZ28
Bujnicki,Bujnicki,3,27.481,8,PZ28
Chen,Chen,10,37.057,51,PZ28
Bujnicki,Bujnicki,5,28.281,9,PZ28
Adamiak,Szachniuk,5,28.66,10,PZ28
Das,Das,10,28.84,11,PZ28
FARFAR2,Das,8,28.84,11,PZ28
TFN,Das,9,29.104,13,PZ28
Xiao,Xiao,2,29.403,14,PZ28
Bujnicki,Bujnicki,2,29.444,15,PZ28
FARFAR2,Das,1,29.825,16,PZ28
FARFAR2,Das,10,29.97,17,PZ28
TFN,Das,5,30.069,18,PZ28
FARFAR2,Das,2,30.223,19,PZ28
TFN,Das,7,30.518,20,PZ28
Chen,Chen,9,37.786,52,PZ28
Chen,Chen,1,38.39,54,PZ28
Chen,Chen,2,38.575,55,PZ28
Chen,Chen,8,39.147,56,PZ28
Ding,Ding,2,39.456,57,PZ28
Chen,Chen,7,37.986,53,PZ28
FARFAR2,Das,4,16.692,20,PZ28tBox
TFN,Das,8,17.007,21,PZ28tBox
Adamiak,Szachniuk,3,17.328,22,PZ28tBox
Bujnicki,Bujnicki,2,17.382,23,PZ28tBox
TFN,Das,9,17.554,24,PZ28tBox
Das,Das,7,17.922,25,PZ28tBox
FARFAR2,Das,7,18.318,27,PZ28tBox
Das,Das,8,19.188,28,PZ28tBox
Bujnicki,Bujnicki,1,19.309,29,PZ28tBox
TFN,Das,10,19.581,30,PZ28tBox
Ding,Ding,1,18.143,26,PZ28tBox
TFN,Das,7,16.549,19,PZ28tBox
FARFAR2,Das,2,16.23,17,PZ28tBox
TFN,Das,3,5.026,1,PZ28tBox
FARFAR2,Das,3,5.994,2,PZ28tBox
Adamiak,Szachniuk,2,6.824,3,PZ28tBox
Das,Das,3,10.49,4,PZ28tBox
Das,Das,1,10.795,5,PZ28tBox
Das,Das,5,11.403,6,PZ28tBox
TFN,Das,6,12.679,7,PZ28tBox
TFN,Das,4,13.56,8,PZ28tBox
Das,Das,2,13.646,9,PZ28tBox
FARFAR2,Das,6,13.646,9,PZ28tBox
TFN,Das,5,14.172,11,PZ28tBox
Das,Das,6,15.312,12,PZ28tBox
FARFAR2,Das,5,15.647,13,PZ28tBox
Das,Das,10,15.943,14,PZ28tBox
FARFAR2,Das,8,15.943,14,PZ28tBox
Adamiak,Szachniuk,5,16.087,16,PZ28tBox
Ding,Ding,2,16.392,18,PZ28tBox
Bujnicki,Bujnicki,4,19.59,32,PZ28tBox
Das,Das,4,19.588,31,PZ28tBox
Das,Das,9,19.735,34,PZ28tBox
Xiao,Xiao,3,29.167,57,PZ28tBox
Chen,Chen,4,27.253,56,PZ28tBox
Chen,Chen,5,26.695,55,PZ28tBox
Chen,Chen,2,26.309,54,PZ28tBox
Xiao,Xiao,1,26.018,53,PZ28tBox
FARFAR2,Das,9,19.634,33,PZ28tBox
Chen,Chen,8,25.726,51,PZ28tBox
Chen,Chen,3,25.475,50,PZ28tBox
Xiao,Xiao,2,24.983,49,PZ28tBox
Chen,Chen,10,24.964,48,PZ28tBox
Chen,Chen,1,24.387,47,PZ28tBox
Chen,Chen,7,23.959,46,PZ28tBox
Chen,Chen,6,23.06,45,PZ28tBox
Xiao,Xiao,4,25.934,52,PZ28tBox
Chen,Chen,9,22.825,43,PZ28tBox
TFN,Das,1,23.045,44,PZ28tBox
Adamiak,Szachniuk,4,19.912,35,PZ28tBox
FARFAR2,Das,1,20.105,36,PZ28tBox
Xiao,Xiao,5,20.33,38,PZ28tBox
Bujnicki,Bujnicki,3,20.266,37,PZ28tBox
TFN,Das,2,20.757,40,PZ28tBox
Bujnicki,Bujnicki,5,20.939,41,PZ28tBox
Adamiak,Szachniuk,1,22.124,42,PZ28tBox
FARFAR2,Das,10,20.467,39,PZ28tBox
FARFAR2,Das,7,3.196,10,PZ28tRNA
TFN,Das,8,3.558,15,PZ28tRNA
FARFAR2,Das,4,3.548,14,PZ28tRNA
TFN,Das,4,3.493,13,PZ28tRNA
TFN,Das,3,3.304,12,PZ28tRNA
TFN,Das,5,3.23,11,PZ28tRNA
Das,Das,7,2.792,2,PZ28tRNA
FARFAR2,Das,5,3.123,7,PZ28tRNA
FARFAR2,Das,1,3.146,9,PZ28tRNA
FARFAR2,Das,2,3.084,5,PZ28tRNA
Das,Das,1,3.022,4,PZ28tRNA
Das,Das,5,2.921,3,PZ28tRNA
TFN,Das,2,2.73,1,PZ28tRNA
Das,Das,3,3.123,7,PZ28tRNA
TFN,Das,1,3.611,16,PZ28tRNA
TFN,Das,9,3.811,19,PZ28tRNA
TFN,Das,7,3.758,18,PZ28tRNA
Xiao,Xiao,5,5.148,39,PZ28tRNA
Chen,Chen,8,5.41,48,PZ28tRNA
Chen,Chen,7,5.688,49,PZ28tRNA
Ding,Ding,2,6.192,50,PZ28tRNA
Das,Das,8,3.094,6,PZ28tRNA
Adamiak,Szachniuk,2,6.5,51,PZ28tRNA
Bujnicki,Bujnicki,2,6.757,52,PZ28tRNA
Adamiak,Szachniuk,3,6.795,53,PZ28tRNA
Adamiak,Szachniuk,5,6.861,54,PZ28tRNA
Ding,Ding,1,7.171,55,PZ28tRNA
Bujnicki,Bujnicki,5,5.258,46,PZ28tRNA
Adamiak,Szachniuk,4,7.321,56,PZ28tRNA
TFN,Das,10,3.667,17,PZ28tRNA
Adamiak,Szachniuk,1,9.047,57,PZ28tRNA
Chen,Chen,3,5.236,45,PZ28tRNA
Chen,Chen,9,5.339,47,PZ28tRNA
Xiao,Xiao,4,5.148,39,PZ28tRNA
FARFAR2,Das,10,3.829,20,PZ28tRNA
Das,Das,2,3.867,21,PZ28tRNA
FARFAR2,Das,6,3.867,21,PZ28tRNA
FARFAR2,Das,3,3.883,23,PZ28tRNA
Das,Das,10,3.947,24,PZ28tRNA
FARFAR2,Das,8,3.947,24,PZ28tRNA
TFN,Das,6,3.957,26,PZ28tRNA
Das,Das,9,4.055,27,PZ28tRNA
Chen,Chen,5,4.093,28,PZ28tRNA
Chen,Chen,6,5.231,44,PZ28tRNA
FARFAR2,Das,9,4.2,30,PZ28tRNA
Das,Das,4,4.168,29,PZ28tRNA
Chen,Chen,4,4.542,32,PZ28tRNA
Xiao,Xiao,3,5.148,39,PZ28tRNA
Xiao,Xiao,2,5.148,39,PZ28tRNA
Bujnicki,Bujnicki,1,4.541,31,PZ28tRNA
Chen,Chen,10,5.077,38,PZ28tRNA
Bujnicki,Bujnicki,4,5.075,37,PZ28tRNA
Xiao,Xiao,1,5.148,39,PZ28tRNA
Chen,Chen,1,4.929,36,PZ28tRNA
Chen,Chen,2,4.857,35,PZ28tRNA
Bujnicki,Bujnicki,3,4.815,34,PZ28tRNA
Das,Das,6,4.635,33,PZ28tRNA
Chen,Chen,9,4.676,1,PZ29
Szachniuk,Szachniuk,3,4.793,2,PZ29
Chen,Chen,8,7.481,15,PZ29
Szachniuk,Szachniuk,5,4.987,3,PZ29
Dokholyan,Dokholyan,1,15.734,26,PZ29
DasPOSTDEADLINE,Das,1,13.879,25,PZ29
Chen,Chen,6,13.194,24,PZ29
Chen,Chen,1,12.344,23,PZ29
Chen,Chen,7,10.995,22,PZ29
DasPOSTDEADLINE,Das,10,9.236,21,PZ29
Chen,Chen,2,9.217,20,PZ29
Szachniuk,Szachniuk,1,4.987,3,PZ29
DasPOSTDEADLINE,Das,6,8.924,19,PZ29
DasPOSTDEADLINE,Das,9,7.907,17,PZ29
Chen,Chen,3,7.771,16,PZ29
DasPOSTDEADLINE,Das,5,7.44,14,PZ29
Szachniuk,Szachniuk,4,7.212,13,PZ29
DasPOSTDEADLINE,Das,4,6.897,12,PZ29
DasPOSTDEADLINE,Das,3,6.799,11,PZ29
Chen,Chen,5,6.772,10,PZ29
Szachniuk,Szachniuk,2,6.47,9,PZ29
Chen,Chen,4,6.011,8,PZ29
DasPOSTDEADLINE,Das,2,5.573,7,PZ29
DasPOSTDEADLINE,Das,8,5.491,6,PZ29
Chen,Chen,10,5.241,5,PZ29
DasPOSTDEADLINE,Das,7,8.0,18,PZ29
Dfold2,Kollmann,4,6.276,32,PZ33
Perez,Perez,6,13.445,81,PZ33
Bujnicki,Bujnicki,4,5.555,24,PZ33
Bujnicki,Bujnicki,3,5.68,25,PZ33
Dfold2,Kollmann,3,5.815,26,PZ33
Nithin,Nithin,5,5.824,27,PZ33
Nithin,Nithin,2,5.97,28,PZ33
ARES,Das,1,6.058,29,PZ33
Das,Das,3,6.085,30,PZ33
FARFAR2,Das,1,6.085,30,PZ33
Dfold2,Kollmann,9,17.612,90,PZ33
Ding,Ding,3,15.566,89,PZ33
Perez,Perez,4,14.767,88,PZ33
Dfold2,Kollmann,10,14.508,87,PZ33
Ding,Ding,2,14.496,86,PZ33
Szachniuk,Szachniuk,3,14.385,85,PZ33
Dfold2,Kollmann,8,14.351,84,PZ33
Ding,Ding,8,13.824,83,PZ33
Perez,Perez,8,13.722,82,PZ33
Das,Das,5,13.315,80,PZ33
Nithin,Nithin,1,5.538,23,PZ33
Perez,Perez,10,12.485,79,PZ33
Xiao,Xiao,2,5.422,22,PZ33
Bujnicki,Bujnicki,5,5.32,20,PZ33
Bujnicki,Bujnicki,2,3.41,1,PZ33
Dfold2,Kollmann,6,3.916,2,PZ33
FARFAR2,Das,9,3.935,3,PZ33
Das,Das,9,3.969,4,PZ33
FARFAR2,Das,3,3.969,4,PZ33
Dfold2,Kollmann,7,4.127,6,PZ33
Dfold2,Kollmann,1,4.204,7,PZ33
Dfold2,Kollmann,2,4.365,8,PZ33
FARFAR2,Das,8,4.424,9,PZ33
Nithin,Nithin,4,4.461,10,PZ33
Chen,Chen,8,4.514,11,PZ33
Das,Das,2,4.569,12,PZ33
Xiao,Xiao,3,4.645,13,PZ33
FARFAR2,Das,2,4.767,14,PZ33
Dokholyan,Dokholyan,1,4.831,15,PZ33
ARES,Das,5,4.871,16,PZ33
ARES,Das,3,5.042,17,PZ33
Chen,Chen,5,5.272,18,PZ33
Bujnicki,Bujnicki,1,5.303,19,PZ33
Xiao,Xiao,1,5.418,21,PZ33
Ding,Ding,6,12.37,78,PZ33
Perez,Perez,3,11.855,77,PZ33
FARFAR2,Das,4,7.364,53,PZ33
Chen,Chen,2,7.316,52,PZ33
Perez,Perez,1,7.289,51,PZ33
FARFAR2,Das,7,7.282,50,PZ33
ARES,Das,6,7.159,49,PZ33
Chen,Chen,3,7.139,48,PZ33
Chen,Chen,6,7.087,47,PZ33
Perez,Perez,2,7.083,46,PZ33
FARFAR2,Das,5,7.007,45,PZ33
FARFAR2,Das,6,6.905,44,PZ33
ARES,Das,8,6.748,43,PZ33
ARES,Das,7,6.711,42,PZ33
ARES,Das,9,6.673,41,PZ33
Chen,Chen,1,6.639,40,PZ33
Chen,Chen,4,6.606,39,PZ33
Dfold2,Kollmann,5,6.558,38,PZ33
Das,Das,8,6.503,36,PZ33
ARES,Das,4,6.503,36,PZ33
Chen,Chen,7,6.482,35,PZ33
Nithin,Nithin,3,6.41,34,PZ33
ARES,Das,10,6.311,33,PZ33
FARFAR2,Das,10,7.655,54,PZ33
Das,Das,1,7.7,55,PZ33
Xiao,Xiao,5,7.951,56,PZ33
Szachniuk,Szachniuk,1,7.956,57,PZ33
Szachniuk,Szachniuk,5,11.8,76,PZ33
Szachniuk,Szachniuk,4,11.545,75,PZ33
Perez,Perez,5,11.196,74,PZ33
Ding,Ding,5,10.433,73,PZ33
Szachniuk,Szachniuk,2,9.963,72,PZ33
Das,Das,6,9.877,71,PZ33
Ding,Ding,7,9.74,70,PZ33
Chen,Chen,9,9.69,69,PZ33
Xiao,Xiao,4,9.561,67,PZ33
Das,Das,7,9.457,66,PZ33
Dokholyan,Dokholyan,2,9.344,65,PZ33
Chen,Chen,10,9.31,64,PZ33
Ding,Ding,1,9.238,63,PZ33
Perez,Perez,7,9.049,62,PZ33
Ding,Ding,4,9.044,61,PZ33
Das,Das,10,8.51,60,PZ33
Perez,Perez,9,8.467,59,PZ33
ARES,Das,2,8.164,58,PZ33
Das,Das,4,9.679,68,PZ33
Chen,Chen,2,6.966,4,PZ37
Chen,Chen,3,6.593,3,PZ37
Chen,Chen,1,9.745,8,PZ37
Chen,Chen,6,5.42,1,PZ37
Chen,Chen,7,7.107,5,PZ37
Szachniuk,Szachniuk,4,6.222,2,PZ37
Szachniuk,Szachniuk,1,9.37,7,PZ37
Szachniuk,Szachniuk,3,9.877,9,PZ37
Dokholyan,Dokholyan,2,18.633,54,PZ37
Dokholyan,Dokholyan,3,17.132,53,PZ37
Xiao,Xiao,2,16.773,52,PZ37
DasSWMapo,Das,4,16.562,51,PZ37
Xiao,Xiao,6,16.498,49,PZ37
Xiao,Xiao,1,16.498,49,PZ37
DasFARFAR2apo,Das,2,16.315,48,PZ37
Yang,Yang,4,15.89,47,PZ37
DasFARFAR2apo,Das,5,15.764,46,PZ37
Yang,Yang,8,15.702,45,PZ37
Chen,Chen,9,15.349,44,PZ37
Dokholyan,Dokholyan,1,18.908,55,PZ37
Dfold,Kollmann,6,19.025,56,PZ37
Dfold,Kollmann,7,19.025,56,PZ37
Dfold,Kollmann,8,19.025,56,PZ37
Dfold,Kollmann,5,25.446,73,PZ37
Zhou,Anonymous,1,26.083,74,PZ37
Dfold,Kollmann,10,31.956,75,PZ37
Dfold,Kollmann,1,23.679,70,PZ37
Dokholyan,Dokholyan,5,23.655,69,PZ37
Yang,Yang,10,23.106,68,PZ37
Dfold,Kollmann,4,22.971,67,PZ37
Yang,Yang,9,15.239,43,PZ37
Dfold,Kollmann,2,21.261,65,PZ37
Xiao,Xiao,4,21.155,64,PZ37
Dfold,Kollmann,3,21.14,63,PZ37
Dfold,Kollmann,9,20.004,62,PZ37
Dfold,Kollmann,11,19.779,61,PZ37
Yang,Yang,5,19.541,60,PZ37
Xiao,Xiao,3,19.036,59,PZ37
Ding,Ding,1,21.374,66,PZ37
Dokholyan,Dokholyan,4,24.006,71,PZ37
DasFARFAR2apo,Das,4,15.228,41,PZ37
DasARESapo,Das,5,15.179,40,PZ37
DiMaio,DiMaio,1,12.947,20,PZ37
DasFARFAR2ARESholo,Das,1,12.894,19,PZ37
Yang,Yang,7,12.35,18,PZ37
Chen,Chen,8,12.333,17,PZ37
DasARESapo,Das,2,11.918,16,PZ37
Yang,Yang,1,11.685,15,PZ37
DasSWMapo,Das,2,11.683,14,PZ37
Yang,Yang,6,11.413,13,PZ37
Chen,Chen,5,11.41,12,PZ37
Szachniuk,Szachniuk,2,11.377,11,PZ37
Yang,Yang,2,10.335,10,PZ37
Chen,Chen,4,7.542,6,PZ37
DasSWMapo,Das,5,13.508,21,PZ37
Bujnicki,Bujnicki,5,13.571,22,PZ37
Bujnicki,Bujnicki,4,13.649,23,PZ37
DasARESapo,Das,4,13.651,24,PZ37
Bujnicki,Bujnicki,2,15.116,39,PZ37
Szachniuk,Szachniuk,5,15.015,38,PZ37
DasARESapo,Das,3,14.974,37,PZ37
Bujnicki,Bujnicki,1,14.835,36,PZ37
DasFARFAR2apo,Das,3,14.689,35,PZ37
DasFARFAR2ARESholo,Das,5,14.541,34,PZ37
DasFARFAR2ARESholo,Das,3,15.228,41,PZ37
Bujnicki,Bujnicki,3,14.329,33,PZ37
Chen,Chen,10,14.146,31,PZ37
DasFARFAR2apo,Das,1,14.14,29,PZ37
DasFARFAR2ARESholo,Das,4,14.14,29,PZ37
DasARESapo,Das,1,14.102,28,PZ37
Yang,Yang,3,13.919,27,PZ37
DasSWMapo,Das,1,13.848,26,PZ37
DasFARFAR2ARESholo,Das,2,13.651,24,PZ37
DasSWMapo,Das,3,14.188,32,PZ37
Xiao,Xiao,5,24.35,72,PZ37
Chen,Chen,3,7.978,1,PZ38
DasFARFAR2Apo,Das,2,13.888,37,PZ38
DasFARFAR2NNApo,Das,1,13.955,38,PZ38
DasFARFAR2Apo,Das,3,12.314,18,PZ38
Ding,Ding,4,14.092,40,PZ38
Szachniuk,Szachniuk,5,14.276,41,PZ38
DasFARFAR2Apo,Das,5,14.305,42,PZ38
Xiao,Xiao,4,14.324,43,PZ38
Chen,Chen,5,14.422,44,PZ38
DasARESApo,Das,1,14.44,45,PZ38
Ding,Ding,1,15.253,46,PZ38
Dokholyan,Dokholyan,1,15.615,47,PZ38
DasARESApo,Das,4,13.774,36,PZ38
Bujnicki,Bujnicki,2,13.754,35,PZ38
Ding,Ding,2,13.649,34,PZ38
SoutheRNA,SoutheRNA,4,12.577,19,PZ38
DasFARFAR2NNHolo,Das,1,12.58,20,PZ38
DasFARFAR2NNApo,Das,3,12.623,21,PZ38
Bujnicki,Bujnicki,1,12.908,22,PZ38
DasFARFAR2NNApo,Das,5,12.943,23,PZ38
DasFARFAR2Apo,Das,1,12.973,24,PZ38
Ding,Ding,3,13.04,25,PZ38
SoutheRNA,SoutheRNA,3,13.073,26,PZ38
DasFARFAR2Apo,Das,4,13.11,27,PZ38
DasARESApo,Das,2,13.131,28,PZ38
DasFARFAR2NNApo,Das,4,13.23,29,PZ38
DasARESApo,Das,3,13.272,30,PZ38
Dfold,Kollmann,4,13.387,31,PZ38
DasFARFAR2NNApo,Das,2,13.41,32,PZ38
Bujnicki,Bujnicki,3,13.628,33,PZ38
Bujnicki,Bujnicki,4,15.807,48,PZ38
SoutheRNA,SoutheRNA,2,16.601,49,PZ38
SoutheRNA,SoutheRNA,5,17.98,51,PZ38
Chen,Chen,2,9.463,10,PZ38
Szachniuk,Szachniuk,3,9.436,9,PZ38
Chen,Chen,10,9.324,8,PZ38
Szachniuk,Szachniuk,2,8.504,6,PZ38
Szachniuk,Szachniuk,1,8.394,5,PZ38
Chen,Chen,6,8.371,4,PZ38
Chen,Chen,9,8.239,3,PZ38
Chen,Chen,4,8.196,2,PZ38
Chen,Chen,8,8.927,7,PZ38
Chen,Chen,1,11.112,11,PZ38
Xiao,Xiao,1,18.089,52,PZ38
Xiao,Xiao,3,18.316,53,PZ38
Xiao,Xiao,2,19.748,54,PZ38
Dfold,Kollmann,3,19.824,55,PZ38
Dfold,Kollmann,1,20.279,56,PZ38
Dfold,Kollmann,2,21.296,57,PZ38
Dfold,Kollmann,5,21.296,57,PZ38
Ding,Ding,5,23.044,59,PZ38
Ding,Ding,6,12.306,17,PZ38
Xiao,Xiao,5,11.826,16,PZ38
Szachniuk,Szachniuk,4,11.764,15,PZ38
DasFARFAR2Holo,Das,1,11.633,13,PZ38
DasARESApo,Das,5,11.633,13,PZ38
SoutheRNA,SoutheRNA,1,11.503,12,PZ38
Bujnicki,Bujnicki,5,16.766,50,PZ38
Chen,Chen,7,13.971,39,PZ38
